sep =|
LocationId|Location|Iso3|Iso2|LocationTypeId|IndicatorId|Indicator|IndicatorDisplayName|SourceId|Source|Revision|VariantId|Variant|VariantShortName|VariantLabel|TimeId|TimeLabel|TimeMid|CategoryId|Category|EstimateTypeId|EstimateType|EstimateMethodId|EstimateMethod|SexId|Sex|AgeId|AgeLabel|AgeStart|AgeEnd|AgeMid|Value
356|India|IND|IN|4|69|Deaths by 1-year age groups and sex|Deaths by age and sex - complete|25|World Population Prospects|0|4|Median|Median|Median|72|2021|2021.5|0|Not applicable|1|Model-based Estimates|2|Interpolation|1|Male|42|0|0|1|1|301883
356|India|IND|IN|4|69|Deaths by 1-year age groups and sex|Deaths by age and sex - complete|25|World Population Prospects|0|4|Median|Median|Median|72|2021|2021.5|0|Not applicable|1|Model-based Estimates|2|Interpolation|2|Female|42|0|0|1|1|287348
356|India|IND|IN|4|69|Deaths by 1-year age groups and sex|Deaths by age and sex - complete|25|World Population Prospects|0|4|Median|Median|Median|72|2021|2021.5|0|Not applicable|1|Model-based Estimates|2|Interpolation|3|Both sexes|42|0|0|1|1|589231
356|India|IND|IN|4|69|Deaths by 1-year age groups and sex|Deaths by age and sex - complete|25|World Population Prospects|0|4|Median|Median|Median|72|2021|2021.5|0|Not applicable|1|Model-based Estimates|2|Interpolation|1|Male|89|1|1|1|1|36688
356|India|IND|IN|4|69|Deaths by 1-year age groups and sex|Deaths by age and sex - complete|25|World Population Prospects|0|4|Median|Median|Median|72|2021|2021.5|0|Not applicable|1|Model-based Estimates|2|Interpolation|2|Female|89|1|1|1|1|33639
356|India|IND|IN|4|69|Deaths by 1-year age groups and sex|Deaths by age and sex - complete|25|World Population Prospects|0|4|Median|Median|Median|72|2021|2021.5|0|Not applicable|1|Model-based Estimates|2|Interpolation|3|Both sexes|89|1|1|1|1|70328
356|India|IND|IN|4|69|Deaths by 1-year age groups and sex|Deaths by age and sex - complete|25|World Population Prospects|0|4|Median|Median|Median|72|2021|2021.5|0|Not applicable|1|Model-based Estimates|2|Interpolation|1|Male|117|2|2|2|2|13355
356|India|IND|IN|4|69|Deaths by 1-year age groups and sex|Deaths by age and sex - complete|25|World Population Prospects|0|4|Median|Median|Median|72|2021|2021.5|0|Not applicable|1|Model-based Estimates|2|Interpolation|2|Female|117|2|2|2|2|12687
356|India|IND|IN|4|69|Deaths by 1-year age groups and sex|Deaths by age and sex - complete|25|World Population Prospects|0|4|Median|Median|Median|72|2021|2021.5|0|Not applicable|1|Model-based Estimates|2|Interpolation|3|Both sexes|117|2|2|2|2|26042
356|India|IND|IN|4|69|Deaths by 1-year age groups and sex|Deaths by age and sex - complete|25|World Population Prospects|0|4|Median|Median|Median|72|2021|2021.5|0|Not applicable|1|Model-based Estimates|2|Interpolation|1|Male|126|3|3|3|3|9579
356|India|IND|IN|4|69|Deaths by 1-year age groups and sex|Deaths by age and sex - complete|25|World Population Prospects|0|4|Median|Median|Median|72|2021|2021.5|0|Not applicable|1|Model-based Estimates|2|Interpolation|2|Female|126|3|3|3|3|9716
356|India|IND|IN|4|69|Deaths by 1-year age groups and sex|Deaths by age and sex - complete|25|World Population Prospects|0|4|Median|Median|Median|72|2021|2021.5|0|Not applicable|1|Model-based Estimates|2|Interpolation|3|Both sexes|126|3|3|3|3|19296
356|India|IND|IN|4|69|Deaths by 1-year age groups and sex|Deaths by age and sex - complete|25|World Population Prospects|0|4|Median|Median|Median|72|2021|2021.5|0|Not applicable|1|Model-based Estimates|2|Interpolation|1|Male|135|4|4|4|4|9286
356|India|IND|IN|4|69|Deaths by 1-year age groups and sex|Deaths by age and sex - complete|25|World Population Prospects|0|4|Median|Median|Median|72|2021|2021.5|0|Not applicable|1|Model-based Estimates|2|Interpolation|2|Female|135|4|4|4|4|9979
356|India|IND|IN|4|69|Deaths by 1-year age groups and sex|Deaths by age and sex - complete|25|World Population Prospects|0|4|Median|Median|Median|72|2021|2021.5|0|Not applicable|1|Model-based Estimates|2|Interpolation|3|Both sexes|135|4|4|4|4|19266
356|India|IND|IN|4|69|Deaths by 1-year age groups and sex|Deaths by age and sex - complete|25|World Population Prospects|0|4|Median|Median|Median|72|2021|2021.5|0|Not applicable|1|Model-based Estimates|2|Interpolation|1|Male|90|5|5|5|5|8614
356|India|IND|IN|4|69|Deaths by 1-year age groups and sex|Deaths by age and sex - complete|25|World Population Prospects|0|4|Median|Median|Median|72|2021|2021.5|0|Not applicable|1|Model-based Estimates|2|Interpolation|2|Female|90|5|5|5|5|9519
356|India|IND|IN|4|69|Deaths by 1-year age groups and sex|Deaths by age and sex - complete|25|World Population Prospects|0|4|Median|Median|Median|72|2021|2021.5|0|Not applicable|1|Model-based Estimates|2|Interpolation|3|Both sexes|90|5|5|5|5|18133
356|India|IND|IN|4|69|Deaths by 1-year age groups and sex|Deaths by age and sex - complete|25|World Population Prospects|0|4|Median|Median|Median|72|2021|2021.5|0|Not applicable|1|Model-based Estimates|2|Interpolation|1|Male|152|6|6|6|6|7554
356|India|IND|IN|4|69|Deaths by 1-year age groups and sex|Deaths by age and sex - complete|25|World Population Prospects|0|4|Median|Median|Median|72|2021|2021.5|0|Not applicable|1|Model-based Estimates|2|Interpolation|2|Female|152|6|6|6|6|8321
356|India|IND|IN|4|69|Deaths by 1-year age groups and sex|Deaths by age and sex - complete|25|World Population Prospects|0|4|Median|Median|Median|72|2021|2021.5|0|Not applicable|1|Model-based Estimates|2|Interpolation|3|Both sexes|152|6|6|6|6|15875
356|India|IND|IN|4|69|Deaths by 1-year age groups and sex|Deaths by age and sex - complete|25|World Population Prospects|0|4|Median|Median|Median|72|2021|2021.5|0|Not applicable|1|Model-based Estimates|2|Interpolation|1|Male|161|7|7|7|7|6518
356|India|IND|IN|4|69|Deaths by 1-year age groups and sex|Deaths by age and sex - complete|25|World Population Prospects|0|4|Median|Median|Median|72|2021|2021.5|0|Not applicable|1|Model-based Estimates|2|Interpolation|2|Female|161|7|7|7|7|6945
356|India|IND|IN|4|69|Deaths by 1-year age groups and sex|Deaths by age and sex - complete|25|World Population Prospects|0|4|Median|Median|Median|72|2021|2021.5|0|Not applicable|1|Model-based Estimates|2|Interpolation|3|Both sexes|161|7|7|7|7|13462
356|India|IND|IN|4|69|Deaths by 1-year age groups and sex|Deaths by age and sex - complete|25|World Population Prospects|0|4|Median|Median|Median|72|2021|2021.5|0|Not applicable|1|Model-based Estimates|2|Interpolation|1|Male|170|8|8|8|8|5616
356|India|IND|IN|4|69|Deaths by 1-year age groups and sex|Deaths by age and sex - complete|25|World Population Prospects|0|4|Median|Median|Median|72|2021|2021.5|0|Not applicable|1|Model-based Estimates|2|Interpolation|2|Female|170|8|8|8|8|5607
356|India|IND|IN|4|69|Deaths by 1-year age groups and sex|Deaths by age and sex - complete|25|World Population Prospects|0|4|Median|Median|Median|72|2021|2021.5|0|Not applicable|1|Model-based Estimates|2|Interpolation|3|Both sexes|170|8|8|8|8|11224
356|India|IND|IN|4|69|Deaths by 1-year age groups and sex|Deaths by age and sex - complete|25|World Population Prospects|0|4|Median|Median|Median|72|2021|2021.5|0|Not applicable|1|Model-based Estimates|2|Interpolation|1|Male|179|9|9|9|9|5007
356|India|IND|IN|4|69|Deaths by 1-year age groups and sex|Deaths by age and sex - complete|25|World Population Prospects|0|4|Median|Median|Median|72|2021|2021.5|0|Not applicable|1|Model-based Estimates|2|Interpolation|2|Female|179|9|9|9|9|4601
356|India|IND|IN|4|69|Deaths by 1-year age groups and sex|Deaths by age and sex - complete|25|World Population Prospects|0|4|Median|Median|Median|72|2021|2021.5|0|Not applicable|1|Model-based Estimates|2|Interpolation|3|Both sexes|179|9|9|9|9|9607
356|India|IND|IN|4|69|Deaths by 1-year age groups and sex|Deaths by age and sex - complete|25|World Population Prospects|0|4|Median|Median|Median|72|2021|2021.5|0|Not applicable|1|Model-based Estimates|2|Interpolation|1|Male|91|10|10|10|10|4987
356|India|IND|IN|4|69|Deaths by 1-year age groups and sex|Deaths by age and sex - complete|25|World Population Prospects|0|4|Median|Median|Median|72|2021|2021.5|0|Not applicable|1|Model-based Estimates|2|Interpolation|2|Female|91|10|10|10|10|4369
356|India|IND|IN|4|69|Deaths by 1-year age groups and sex|Deaths by age and sex - complete|25|World Population Prospects|0|4|Median|Median|Median|72|2021|2021.5|0|Not applicable|1|Model-based Estimates|2|Interpolation|3|Both sexes|91|10|10|10|10|9356
356|India|IND|IN|4|69|Deaths by 1-year age groups and sex|Deaths by age and sex - complete|25|World Population Prospects|0|4|Median|Median|Median|72|2021|2021.5|0|Not applicable|1|Model-based Estimates|2|Interpolation|1|Male|109|11|11|11|11|5410
356|India|IND|IN|4|69|Deaths by 1-year age groups and sex|Deaths by age and sex - complete|25|World Population Prospects|0|4|Median|Median|Median|72|2021|2021.5|0|Not applicable|1|Model-based Estimates|2|Interpolation|2|Female|109|11|11|11|11|4589
356|India|IND|IN|4|69|Deaths by 1-year age groups and sex|Deaths by age and sex - complete|25|World Population Prospects|0|4|Median|Median|Median|72|2021|2021.5|0|Not applicable|1|Model-based Estimates|2|Interpolation|3|Both sexes|109|11|11|11|11|9999
356|India|IND|IN|4|69|Deaths by 1-year age groups and sex|Deaths by age and sex - complete|25|World Population Prospects|0|4|Median|Median|Median|72|2021|2021.5|0|Not applicable|1|Model-based Estimates|2|Interpolation|1|Male|110|12|12|12|12|6180
356|India|IND|IN|4|69|Deaths by 1-year age groups and sex|Deaths by age and sex - complete|25|World Population Prospects|0|4|Median|Median|Median|72|2021|2021.5|0|Not applicable|1|Model-based Estimates|2|Interpolation|2|Female|110|12|12|12|12|5148
356|India|IND|IN|4|69|Deaths by 1-year age groups and sex|Deaths by age and sex - complete|25|World Population Prospects|0|4|Median|Median|Median|72|2021|2021.5|0|Not applicable|1|Model-based Estimates|2|Interpolation|3|Both sexes|110|12|12|12|12|11328
356|India|IND|IN|4|69|Deaths by 1-year age groups and sex|Deaths by age and sex - complete|25|World Population Prospects|0|4|Median|Median|Median|72|2021|2021.5|0|Not applicable|1|Model-based Estimates|2|Interpolation|1|Male|111|13|13|13|13|7404
356|India|IND|IN|4|69|Deaths by 1-year age groups and sex|Deaths by age and sex - complete|25|World Population Prospects|0|4|Median|Median|Median|72|2021|2021.5|0|Not applicable|1|Model-based Estimates|2|Interpolation|2|Female|111|13|13|13|13|6189
356|India|IND|IN|4|69|Deaths by 1-year age groups and sex|Deaths by age and sex - complete|25|World Population Prospects|0|4|Median|Median|Median|72|2021|2021.5|0|Not applicable|1|Model-based Estimates|2|Interpolation|3|Both sexes|111|13|13|13|13|13593
356|India|IND|IN|4|69|Deaths by 1-year age groups and sex|Deaths by age and sex - complete|25|World Population Prospects|0|4|Median|Median|Median|72|2021|2021.5|0|Not applicable|1|Model-based Estimates|2|Interpolation|1|Male|112|14|14|14|14|9043
356|India|IND|IN|4|69|Deaths by 1-year age groups and sex|Deaths by age and sex - complete|25|World Population Prospects|0|4|Median|Median|Median|72|2021|2021.5|0|Not applicable|1|Model-based Estimates|2|Interpolation|2|Female|112|14|14|14|14|7729
356|India|IND|IN|4|69|Deaths by 1-year age groups and sex|Deaths by age and sex - complete|25|World Population Prospects|0|4|Median|Median|Median|72|2021|2021.5|0|Not applicable|1|Model-based Estimates|2|Interpolation|3|Both sexes|112|14|14|14|14|16772
356|India|IND|IN|4|69|Deaths by 1-year age groups and sex|Deaths by age and sex - complete|25|World Population Prospects|0|4|Median|Median|Median|72|2021|2021.5|0|Not applicable|1|Model-based Estimates|2|Interpolation|1|Male|86|15|15|15|15|10726
356|India|IND|IN|4|69|Deaths by 1-year age groups and sex|Deaths by age and sex - complete|25|World Population Prospects|0|4|Median|Median|Median|72|2021|2021.5|0|Not applicable|1|Model-based Estimates|2|Interpolation|2|Female|86|15|15|15|15|9436
356|India|IND|IN|4|69|Deaths by 1-year age groups and sex|Deaths by age and sex - complete|25|World Population Prospects|0|4|Median|Median|Median|72|2021|2021.5|0|Not applicable|1|Model-based Estimates|2|Interpolation|3|Both sexes|86|15|15|15|15|20162
356|India|IND|IN|4|69|Deaths by 1-year age groups and sex|Deaths by age and sex - complete|25|World Population Prospects|0|4|Median|Median|Median|72|2021|2021.5|0|Not applicable|1|Model-based Estimates|2|Interpolation|1|Male|113|16|16|16|16|12212
356|India|IND|IN|4|69|Deaths by 1-year age groups and sex|Deaths by age and sex - complete|25|World Population Prospects|0|4|Median|Median|Median|72|2021|2021.5|0|Not applicable|1|Model-based Estimates|2|Interpolation|2|Female|113|16|16|16|16|11042
356|India|IND|IN|4|69|Deaths by 1-year age groups and sex|Deaths by age and sex - complete|25|World Population Prospects|0|4|Median|Median|Median|72|2021|2021.5|0|Not applicable|1|Model-based Estimates|2|Interpolation|3|Both sexes|113|16|16|16|16|23254
356|India|IND|IN|4|69|Deaths by 1-year age groups and sex|Deaths by age and sex - complete|25|World Population Prospects|0|4|Median|Median|Median|72|2021|2021.5|0|Not applicable|1|Model-based Estimates|2|Interpolation|1|Male|114|17|17|17|17|13325
356|India|IND|IN|4|69|Deaths by 1-year age groups and sex|Deaths by age and sex - complete|25|World Population Prospects|0|4|Median|Median|Median|72|2021|2021.5|0|Not applicable|1|Model-based Estimates|2|Interpolation|2|Female|114|17|17|17|17|12291
356|India|IND|IN|4|69|Deaths by 1-year age groups and sex|Deaths by age and sex - complete|25|World Population Prospects|0|4|Median|Median|Median|72|2021|2021.5|0|Not applicable|1|Model-based Estimates|2|Interpolation|3|Both sexes|114|17|17|17|17|25616
356|India|IND|IN|4|69|Deaths by 1-year age groups and sex|Deaths by age and sex - complete|25|World Population Prospects|0|4|Median|Median|Median|72|2021|2021.5|0|Not applicable|1|Model-based Estimates|2|Interpolation|1|Male|115|18|18|18|18|14165
356|India|IND|IN|4|69|Deaths by 1-year age groups and sex|Deaths by age and sex - complete|25|World Population Prospects|0|4|Median|Median|Median|72|2021|2021.5|0|Not applicable|1|Model-based Estimates|2|Interpolation|2|Female|115|18|18|18|18|13200
356|India|IND|IN|4|69|Deaths by 1-year age groups and sex|Deaths by age and sex - complete|25|World Population Prospects|0|4|Median|Median|Median|72|2021|2021.5|0|Not applicable|1|Model-based Estimates|2|Interpolation|3|Both sexes|115|18|18|18|18|27365
356|India|IND|IN|4|69|Deaths by 1-year age groups and sex|Deaths by age and sex - complete|25|World Population Prospects|0|4|Median|Median|Median|72|2021|2021.5|0|Not applicable|1|Model-based Estimates|2|Interpolation|1|Male|116|19|19|19|19|15017
356|India|IND|IN|4|69|Deaths by 1-year age groups and sex|Deaths by age and sex - complete|25|World Population Prospects|0|4|Median|Median|Median|72|2021|2021.5|0|Not applicable|1|Model-based Estimates|2|Interpolation|2|Female|116|19|19|19|19|13933
356|India|IND|IN|4|69|Deaths by 1-year age groups and sex|Deaths by age and sex - complete|25|World Population Prospects|0|4|Median|Median|Median|72|2021|2021.5|0|Not applicable|1|Model-based Estimates|2|Interpolation|3|Both sexes|116|19|19|19|19|28951
356|India|IND|IN|4|69|Deaths by 1-year age groups and sex|Deaths by age and sex - complete|25|World Population Prospects|0|4|Median|Median|Median|72|2021|2021.5|0|Not applicable|1|Model-based Estimates|2|Interpolation|1|Male|92|20|20|20|20|15944
356|India|IND|IN|4|69|Deaths by 1-year age groups and sex|Deaths by age and sex - complete|25|World Population Prospects|0|4|Median|Median|Median|72|2021|2021.5|0|Not applicable|1|Model-based Estimates|2|Interpolation|2|Female|92|20|20|20|20|14413
356|India|IND|IN|4|69|Deaths by 1-year age groups and sex|Deaths by age and sex - complete|25|World Population Prospects|0|4|Median|Median|Median|72|2021|2021.5|0|Not applicable|1|Model-based Estimates|2|Interpolation|3|Both sexes|92|20|20|20|20|30357
356|India|IND|IN|4|69|Deaths by 1-year age groups and sex|Deaths by age and sex - complete|25|World Population Prospects|0|4|Median|Median|Median|72|2021|2021.5|0|Not applicable|1|Model-based Estimates|2|Interpolation|1|Male|118|21|21|21|21|16983
356|India|IND|IN|4|69|Deaths by 1-year age groups and sex|Deaths by age and sex - complete|25|World Population Prospects|0|4|Median|Median|Median|72|2021|2021.5|0|Not applicable|1|Model-based Estimates|2|Interpolation|2|Female|118|21|21|21|21|14696
356|India|IND|IN|4|69|Deaths by 1-year age groups and sex|Deaths by age and sex - complete|25|World Population Prospects|0|4|Median|Median|Median|72|2021|2021.5|0|Not applicable|1|Model-based Estimates|2|Interpolation|3|Both sexes|118|21|21|21|21|31678
356|India|IND|IN|4|69|Deaths by 1-year age groups and sex|Deaths by age and sex - complete|25|World Population Prospects|0|4|Median|Median|Median|72|2021|2021.5|0|Not applicable|1|Model-based Estimates|2|Interpolation|1|Male|119|22|22|22|22|18264
356|India|IND|IN|4|69|Deaths by 1-year age groups and sex|Deaths by age and sex - complete|25|World Population Prospects|0|4|Median|Median|Median|72|2021|2021.5|0|Not applicable|1|Model-based Estimates|2|Interpolation|2|Female|119|22|22|22|22|14967
356|India|IND|IN|4|69|Deaths by 1-year age groups and sex|Deaths by age and sex - complete|25|World Population Prospects|0|4|Median|Median|Median|72|2021|2021.5|0|Not applicable|1|Model-based Estimates|2|Interpolation|3|Both sexes|119|22|22|22|22|33232
356|India|IND|IN|4|69|Deaths by 1-year age groups and sex|Deaths by age and sex - complete|25|World Population Prospects|0|4|Median|Median|Median|72|2021|2021.5|0|Not applicable|1|Model-based Estimates|2|Interpolation|1|Male|120|23|23|23|23|19671
356|India|IND|IN|4|69|Deaths by 1-year age groups and sex|Deaths by age and sex - complete|25|World Population Prospects|0|4|Median|Median|Median|72|2021|2021.5|0|Not applicable|1|Model-based Estimates|2|Interpolation|2|Female|120|23|23|23|23|15249
356|India|IND|IN|4|69|Deaths by 1-year age groups and sex|Deaths by age and sex - complete|25|World Population Prospects|0|4|Median|Median|Median|72|2021|2021.5|0|Not applicable|1|Model-based Estimates|2|Interpolation|3|Both sexes|120|23|23|23|23|34921
356|India|IND|IN|4|69|Deaths by 1-year age groups and sex|Deaths by age and sex - complete|25|World Population Prospects|0|4|Median|Median|Median|72|2021|2021.5|0|Not applicable|1|Model-based Estimates|2|Interpolation|1|Male|121|24|24|24|24|20949
356|India|IND|IN|4|69|Deaths by 1-year age groups and sex|Deaths by age and sex - complete|25|World Population Prospects|0|4|Median|Median|Median|72|2021|2021.5|0|Not applicable|1|Model-based Estimates|2|Interpolation|2|Female|121|24|24|24|24|15530
356|India|IND|IN|4|69|Deaths by 1-year age groups and sex|Deaths by age and sex - complete|25|World Population Prospects|0|4|Median|Median|Median|72|2021|2021.5|0|Not applicable|1|Model-based Estimates|2|Interpolation|3|Both sexes|121|24|24|24|24|36479
356|India|IND|IN|4|69|Deaths by 1-year age groups and sex|Deaths by age and sex - complete|25|World Population Prospects|0|4|Median|Median|Median|72|2021|2021.5|0|Not applicable|1|Model-based Estimates|2|Interpolation|1|Male|93|25|25|25|25|21980
356|India|IND|IN|4|69|Deaths by 1-year age groups and sex|Deaths by age and sex - complete|25|World Population Prospects|0|4|Median|Median|Median|72|2021|2021.5|0|Not applicable|1|Model-based Estimates|2|Interpolation|2|Female|93|25|25|25|25|15872
356|India|IND|IN|4|69|Deaths by 1-year age groups and sex|Deaths by age and sex - complete|25|World Population Prospects|0|4|Median|Median|Median|72|2021|2021.5|0|Not applicable|1|Model-based Estimates|2|Interpolation|3|Both sexes|93|25|25|25|25|37852
356|India|IND|IN|4|69|Deaths by 1-year age groups and sex|Deaths by age and sex - complete|25|World Population Prospects|0|4|Median|Median|Median|72|2021|2021.5|0|Not applicable|1|Model-based Estimates|2|Interpolation|1|Male|122|26|26|26|26|22690
356|India|IND|IN|4|69|Deaths by 1-year age groups and sex|Deaths by age and sex - complete|25|World Population Prospects|0|4|Median|Median|Median|72|2021|2021.5|0|Not applicable|1|Model-based Estimates|2|Interpolation|2|Female|122|26|26|26|26|16273
356|India|IND|IN|4|69|Deaths by 1-year age groups and sex|Deaths by age and sex - complete|25|World Population Prospects|0|4|Median|Median|Median|72|2021|2021.5|0|Not applicable|1|Model-based Estimates|2|Interpolation|3|Both sexes|122|26|26|26|26|38963
356|India|IND|IN|4|69|Deaths by 1-year age groups and sex|Deaths by age and sex - complete|25|World Population Prospects|0|4|Median|Median|Median|72|2021|2021.5|0|Not applicable|1|Model-based Estimates|2|Interpolation|1|Male|123|27|27|27|27|23198
356|India|IND|IN|4|69|Deaths by 1-year age groups and sex|Deaths by age and sex - complete|25|World Population Prospects|0|4|Median|Median|Median|72|2021|2021.5|0|Not applicable|1|Model-based Estimates|2|Interpolation|2|Female|123|27|27|27|27|16694
356|India|IND|IN|4|69|Deaths by 1-year age groups and sex|Deaths by age and sex - complete|25|World Population Prospects|0|4|Median|Median|Median|72|2021|2021.5|0|Not applicable|1|Model-based Estimates|2|Interpolation|3|Both sexes|123|27|27|27|27|39892
356|India|IND|IN|4|69|Deaths by 1-year age groups and sex|Deaths by age and sex - complete|25|World Population Prospects|0|4|Median|Median|Median|72|2021|2021.5|0|Not applicable|1|Model-based Estimates|2|Interpolation|1|Male|124|28|28|28|28|23871
356|India|IND|IN|4|69|Deaths by 1-year age groups and sex|Deaths by age and sex - complete|25|World Population Prospects|0|4|Median|Median|Median|72|2021|2021.5|0|Not applicable|1|Model-based Estimates|2|Interpolation|2|Female|124|28|28|28|28|17175
356|India|IND|IN|4|69|Deaths by 1-year age groups and sex|Deaths by age and sex - complete|25|World Population Prospects|0|4|Median|Median|Median|72|2021|2021.5|0|Not applicable|1|Model-based Estimates|2|Interpolation|3|Both sexes|124|28|28|28|28|41046
356|India|IND|IN|4|69|Deaths by 1-year age groups and sex|Deaths by age and sex - complete|25|World Population Prospects|0|4|Median|Median|Median|72|2021|2021.5|0|Not applicable|1|Model-based Estimates|2|Interpolation|1|Male|125|29|29|29|29|24906
356|India|IND|IN|4|69|Deaths by 1-year age groups and sex|Deaths by age and sex - complete|25|World Population Prospects|0|4|Median|Median|Median|72|2021|2021.5|0|Not applicable|1|Model-based Estimates|2|Interpolation|2|Female|125|29|29|29|29|17652
356|India|IND|IN|4|69|Deaths by 1-year age groups and sex|Deaths by age and sex - complete|25|World Population Prospects|0|4|Median|Median|Median|72|2021|2021.5|0|Not applicable|1|Model-based Estimates|2|Interpolation|3|Both sexes|125|29|29|29|29|42557
356|India|IND|IN|4|69|Deaths by 1-year age groups and sex|Deaths by age and sex - complete|25|World Population Prospects|0|4|Median|Median|Median|72|2021|2021.5|0|Not applicable|1|Model-based Estimates|2|Interpolation|1|Male|94|30|30|30|30|26334
356|India|IND|IN|4|69|Deaths by 1-year age groups and sex|Deaths by age and sex - complete|25|World Population Prospects|0|4|Median|Median|Median|72|2021|2021.5|0|Not applicable|1|Model-based Estimates|2|Interpolation|2|Female|94|30|30|30|30|18000
356|India|IND|IN|4|69|Deaths by 1-year age groups and sex|Deaths by age and sex - complete|25|World Population Prospects|0|4|Median|Median|Median|72|2021|2021.5|0|Not applicable|1|Model-based Estimates|2|Interpolation|3|Both sexes|94|30|30|30|30|44334
356|India|IND|IN|4|69|Deaths by 1-year age groups and sex|Deaths by age and sex - complete|25|World Population Prospects|0|4|Median|Median|Median|72|2021|2021.5|0|Not applicable|1|Model-based Estimates|2|Interpolation|1|Male|127|31|31|31|31|28410
356|India|IND|IN|4|69|Deaths by 1-year age groups and sex|Deaths by age and sex - complete|25|World Population Prospects|0|4|Median|Median|Median|72|2021|2021.5|0|Not applicable|1|Model-based Estimates|2|Interpolation|2|Female|127|31|31|31|31|18356
356|India|IND|IN|4|69|Deaths by 1-year age groups and sex|Deaths by age and sex - complete|25|World Population Prospects|0|4|Median|Median|Median|72|2021|2021.5|0|Not applicable|1|Model-based Estimates|2|Interpolation|3|Both sexes|127|31|31|31|31|46766
356|India|IND|IN|4|69|Deaths by 1-year age groups and sex|Deaths by age and sex - complete|25|World Population Prospects|0|4|Median|Median|Median|72|2021|2021.5|0|Not applicable|1|Model-based Estimates|2|Interpolation|1|Male|128|32|32|32|32|31056
356|India|IND|IN|4|69|Deaths by 1-year age groups and sex|Deaths by age and sex - complete|25|World Population Prospects|0|4|Median|Median|Median|72|2021|2021.5|0|Not applicable|1|Model-based Estimates|2|Interpolation|2|Female|128|32|32|32|32|18783
356|India|IND|IN|4|69|Deaths by 1-year age groups and sex|Deaths by age and sex - complete|25|World Population Prospects|0|4|Median|Median|Median|72|2021|2021.5|0|Not applicable|1|Model-based Estimates|2|Interpolation|3|Both sexes|128|32|32|32|32|49839
356|India|IND|IN|4|69|Deaths by 1-year age groups and sex|Deaths by age and sex - complete|25|World Population Prospects|0|4|Median|Median|Median|72|2021|2021.5|0|Not applicable|1|Model-based Estimates|2|Interpolation|1|Male|129|33|33|33|33|33929
356|India|IND|IN|4|69|Deaths by 1-year age groups and sex|Deaths by age and sex - complete|25|World Population Prospects|0|4|Median|Median|Median|72|2021|2021.5|0|Not applicable|1|Model-based Estimates|2|Interpolation|2|Female|129|33|33|33|33|19275
356|India|IND|IN|4|69|Deaths by 1-year age groups and sex|Deaths by age and sex - complete|25|World Population Prospects|0|4|Median|Median|Median|72|2021|2021.5|0|Not applicable|1|Model-based Estimates|2|Interpolation|3|Both sexes|129|33|33|33|33|53205
356|India|IND|IN|4|69|Deaths by 1-year age groups and sex|Deaths by age and sex - complete|25|World Population Prospects|0|4|Median|Median|Median|72|2021|2021.5|0|Not applicable|1|Model-based Estimates|2|Interpolation|1|Male|130|34|34|34|34|36996
356|India|IND|IN|4|69|Deaths by 1-year age groups and sex|Deaths by age and sex - complete|25|World Population Prospects|0|4|Median|Median|Median|72|2021|2021.5|0|Not applicable|1|Model-based Estimates|2|Interpolation|2|Female|130|34|34|34|34|20099
356|India|IND|IN|4|69|Deaths by 1-year age groups and sex|Deaths by age and sex - complete|25|World Population Prospects|0|4|Median|Median|Median|72|2021|2021.5|0|Not applicable|1|Model-based Estimates|2|Interpolation|3|Both sexes|130|34|34|34|34|57095
356|India|IND|IN|4|69|Deaths by 1-year age groups and sex|Deaths by age and sex - complete|25|World Population Prospects|0|4|Median|Median|Median|72|2021|2021.5|0|Not applicable|1|Model-based Estimates|2|Interpolation|1|Male|95|35|35|35|35|39620
356|India|IND|IN|4|69|Deaths by 1-year age groups and sex|Deaths by age and sex - complete|25|World Population Prospects|0|4|Median|Median|Median|72|2021|2021.5|0|Not applicable|1|Model-based Estimates|2|Interpolation|2|Female|95|35|35|35|35|21189
356|India|IND|IN|4|69|Deaths by 1-year age groups and sex|Deaths by age and sex - complete|25|World Population Prospects|0|4|Median|Median|Median|72|2021|2021.5|0|Not applicable|1|Model-based Estimates|2|Interpolation|3|Both sexes|95|35|35|35|35|60809
356|India|IND|IN|4|69|Deaths by 1-year age groups and sex|Deaths by age and sex - complete|25|World Population Prospects|0|4|Median|Median|Median|72|2021|2021.5|0|Not applicable|1|Model-based Estimates|2|Interpolation|1|Male|131|36|36|36|36|41610
356|India|IND|IN|4|69|Deaths by 1-year age groups and sex|Deaths by age and sex - complete|25|World Population Prospects|0|4|Median|Median|Median|72|2021|2021.5|0|Not applicable|1|Model-based Estimates|2|Interpolation|2|Female|131|36|36|36|36|22586
356|India|IND|IN|4|69|Deaths by 1-year age groups and sex|Deaths by age and sex - complete|25|World Population Prospects|0|4|Median|Median|Median|72|2021|2021.5|0|Not applicable|1|Model-based Estimates|2|Interpolation|3|Both sexes|131|36|36|36|36|64195
356|India|IND|IN|4|69|Deaths by 1-year age groups and sex|Deaths by age and sex - complete|25|World Population Prospects|0|4|Median|Median|Median|72|2021|2021.5|0|Not applicable|1|Model-based Estimates|2|Interpolation|1|Male|132|37|37|37|37|43293
356|India|IND|IN|4|69|Deaths by 1-year age groups and sex|Deaths by age and sex - complete|25|World Population Prospects|0|4|Median|Median|Median|72|2021|2021.5|0|Not applicable|1|Model-based Estimates|2|Interpolation|2|Female|132|37|37|37|37|24314
356|India|IND|IN|4|69|Deaths by 1-year age groups and sex|Deaths by age and sex - complete|25|World Population Prospects|0|4|Median|Median|Median|72|2021|2021.5|0|Not applicable|1|Model-based Estimates|2|Interpolation|3|Both sexes|132|37|37|37|37|67606
356|India|IND|IN|4|69|Deaths by 1-year age groups and sex|Deaths by age and sex - complete|25|World Population Prospects|0|4|Median|Median|Median|72|2021|2021.5|0|Not applicable|1|Model-based Estimates|2|Interpolation|1|Male|133|38|38|38|38|44660
356|India|IND|IN|4|69|Deaths by 1-year age groups and sex|Deaths by age and sex - complete|25|World Population Prospects|0|4|Median|Median|Median|72|2021|2021.5|0|Not applicable|1|Model-based Estimates|2|Interpolation|2|Female|133|38|38|38|38|26135
356|India|IND|IN|4|69|Deaths by 1-year age groups and sex|Deaths by age and sex - complete|25|World Population Prospects|0|4|Median|Median|Median|72|2021|2021.5|0|Not applicable|1|Model-based Estimates|2|Interpolation|3|Both sexes|133|38|38|38|38|70795
356|India|IND|IN|4|69|Deaths by 1-year age groups and sex|Deaths by age and sex - complete|25|World Population Prospects|0|4|Median|Median|Median|72|2021|2021.5|0|Not applicable|1|Model-based Estimates|2|Interpolation|1|Male|134|39|39|39|39|46236
356|India|IND|IN|4|69|Deaths by 1-year age groups and sex|Deaths by age and sex - complete|25|World Population Prospects|0|4|Median|Median|Median|72|2021|2021.5|0|Not applicable|1|Model-based Estimates|2|Interpolation|2|Female|134|39|39|39|39|27983
356|India|IND|IN|4|69|Deaths by 1-year age groups and sex|Deaths by age and sex - complete|25|World Population Prospects|0|4|Median|Median|Median|72|2021|2021.5|0|Not applicable|1|Model-based Estimates|2|Interpolation|3|Both sexes|134|39|39|39|39|74219
356|India|IND|IN|4|69|Deaths by 1-year age groups and sex|Deaths by age and sex - complete|25|World Population Prospects|0|4|Median|Median|Median|72|2021|2021.5|0|Not applicable|1|Model-based Estimates|2|Interpolation|1|Male|96|40|40|40|40|48079
356|India|IND|IN|4|69|Deaths by 1-year age groups and sex|Deaths by age and sex - complete|25|World Population Prospects|0|4|Median|Median|Median|72|2021|2021.5|0|Not applicable|1|Model-based Estimates|2|Interpolation|2|Female|96|40|40|40|40|29445
356|India|IND|IN|4|69|Deaths by 1-year age groups and sex|Deaths by age and sex - complete|25|World Population Prospects|0|4|Median|Median|Median|72|2021|2021.5|0|Not applicable|1|Model-based Estimates|2|Interpolation|3|Both sexes|96|40|40|40|40|77523
356|India|IND|IN|4|69|Deaths by 1-year age groups and sex|Deaths by age and sex - complete|25|World Population Prospects|0|4|Median|Median|Median|72|2021|2021.5|0|Not applicable|1|Model-based Estimates|2|Interpolation|1|Male|136|41|41|41|41|50162
356|India|IND|IN|4|69|Deaths by 1-year age groups and sex|Deaths by age and sex - complete|25|World Population Prospects|0|4|Median|Median|Median|72|2021|2021.5|0|Not applicable|1|Model-based Estimates|2|Interpolation|2|Female|136|41|41|41|41|30248
356|India|IND|IN|4|69|Deaths by 1-year age groups and sex|Deaths by age and sex - complete|25|World Population Prospects|0|4|Median|Median|Median|72|2021|2021.5|0|Not applicable|1|Model-based Estimates|2|Interpolation|3|Both sexes|136|41|41|41|41|80410
356|India|IND|IN|4|69|Deaths by 1-year age groups and sex|Deaths by age and sex - complete|25|World Population Prospects|0|4|Median|Median|Median|72|2021|2021.5|0|Not applicable|1|Model-based Estimates|2|Interpolation|1|Male|137|42|42|42|42|52648
356|India|IND|IN|4|69|Deaths by 1-year age groups and sex|Deaths by age and sex - complete|25|World Population Prospects|0|4|Median|Median|Median|72|2021|2021.5|0|Not applicable|1|Model-based Estimates|2|Interpolation|2|Female|137|42|42|42|42|30701
356|India|IND|IN|4|69|Deaths by 1-year age groups and sex|Deaths by age and sex - complete|25|World Population Prospects|0|4|Median|Median|Median|72|2021|2021.5|0|Not applicable|1|Model-based Estimates|2|Interpolation|3|Both sexes|137|42|42|42|42|83349
356|India|IND|IN|4|69|Deaths by 1-year age groups and sex|Deaths by age and sex - complete|25|World Population Prospects|0|4|Median|Median|Median|72|2021|2021.5|0|Not applicable|1|Model-based Estimates|2|Interpolation|1|Male|138|43|43|43|43|55846
356|India|IND|IN|4|69|Deaths by 1-year age groups and sex|Deaths by age and sex - complete|25|World Population Prospects|0|4|Median|Median|Median|72|2021|2021.5|0|Not applicable|1|Model-based Estimates|2|Interpolation|2|Female|138|43|43|43|43|31276
356|India|IND|IN|4|69|Deaths by 1-year age groups and sex|Deaths by age and sex - complete|25|World Population Prospects|0|4|Median|Median|Median|72|2021|2021.5|0|Not applicable|1|Model-based Estimates|2|Interpolation|3|Both sexes|138|43|43|43|43|87122
356|India|IND|IN|4|69|Deaths by 1-year age groups and sex|Deaths by age and sex - complete|25|World Population Prospects|0|4|Median|Median|Median|72|2021|2021.5|0|Not applicable|1|Model-based Estimates|2|Interpolation|1|Male|139|44|44|44|44|59739
356|India|IND|IN|4|69|Deaths by 1-year age groups and sex|Deaths by age and sex - complete|25|World Population Prospects|0|4|Median|Median|Median|72|2021|2021.5|0|Not applicable|1|Model-based Estimates|2|Interpolation|2|Female|139|44|44|44|44|32391
356|India|IND|IN|4|69|Deaths by 1-year age groups and sex|Deaths by age and sex - complete|25|World Population Prospects|0|4|Median|Median|Median|72|2021|2021.5|0|Not applicable|1|Model-based Estimates|2|Interpolation|3|Both sexes|139|44|44|44|44|92130
356|India|IND|IN|4|69|Deaths by 1-year age groups and sex|Deaths by age and sex - complete|25|World Population Prospects|0|4|Median|Median|Median|72|2021|2021.5|0|Not applicable|1|Model-based Estimates|2|Interpolation|1|Male|97|45|45|45|45|63318
356|India|IND|IN|4|69|Deaths by 1-year age groups and sex|Deaths by age and sex - complete|25|World Population Prospects|0|4|Median|Median|Median|72|2021|2021.5|0|Not applicable|1|Model-based Estimates|2|Interpolation|2|Female|97|45|45|45|45|34053
356|India|IND|IN|4|69|Deaths by 1-year age groups and sex|Deaths by age and sex - complete|25|World Population Prospects|0|4|Median|Median|Median|72|2021|2021.5|0|Not applicable|1|Model-based Estimates|2|Interpolation|3|Both sexes|97|45|45|45|45|97371
356|India|IND|IN|4|69|Deaths by 1-year age groups and sex|Deaths by age and sex - complete|25|World Population Prospects|0|4|Median|Median|Median|72|2021|2021.5|0|Not applicable|1|Model-based Estimates|2|Interpolation|1|Male|140|46|46|46|46|66446
356|India|IND|IN|4|69|Deaths by 1-year age groups and sex|Deaths by age and sex - complete|25|World Population Prospects|0|4|Median|Median|Median|72|2021|2021.5|0|Not applicable|1|Model-based Estimates|2|Interpolation|2|Female|140|46|46|46|46|36637
356|India|IND|IN|4|69|Deaths by 1-year age groups and sex|Deaths by age and sex - complete|25|World Population Prospects|0|4|Median|Median|Median|72|2021|2021.5|0|Not applicable|1|Model-based Estimates|2|Interpolation|3|Both sexes|140|46|46|46|46|103082
356|India|IND|IN|4|69|Deaths by 1-year age groups and sex|Deaths by age and sex - complete|25|World Population Prospects|0|4|Median|Median|Median|72|2021|2021.5|0|Not applicable|1|Model-based Estimates|2|Interpolation|1|Male|141|47|47|47|47|69430
356|India|IND|IN|4|69|Deaths by 1-year age groups and sex|Deaths by age and sex - complete|25|World Population Prospects|0|4|Median|Median|Median|72|2021|2021.5|0|Not applicable|1|Model-based Estimates|2|Interpolation|2|Female|141|47|47|47|47|40253
356|India|IND|IN|4|69|Deaths by 1-year age groups and sex|Deaths by age and sex - complete|25|World Population Prospects|0|4|Median|Median|Median|72|2021|2021.5|0|Not applicable|1|Model-based Estimates|2|Interpolation|3|Both sexes|141|47|47|47|47|109684
356|India|IND|IN|4|69|Deaths by 1-year age groups and sex|Deaths by age and sex - complete|25|World Population Prospects|0|4|Median|Median|Median|72|2021|2021.5|0|Not applicable|1|Model-based Estimates|2|Interpolation|1|Male|142|48|48|48|48|72096
356|India|IND|IN|4|69|Deaths by 1-year age groups and sex|Deaths by age and sex - complete|25|World Population Prospects|0|4|Median|Median|Median|72|2021|2021.5|0|Not applicable|1|Model-based Estimates|2|Interpolation|2|Female|142|48|48|48|48|44863
356|India|IND|IN|4|69|Deaths by 1-year age groups and sex|Deaths by age and sex - complete|25|World Population Prospects|0|4|Median|Median|Median|72|2021|2021.5|0|Not applicable|1|Model-based Estimates|2|Interpolation|3|Both sexes|142|48|48|48|48|116959
356|India|IND|IN|4|69|Deaths by 1-year age groups and sex|Deaths by age and sex - complete|25|World Population Prospects|0|4|Median|Median|Median|72|2021|2021.5|0|Not applicable|1|Model-based Estimates|2|Interpolation|1|Male|143|49|49|49|49|75236
356|India|IND|IN|4|69|Deaths by 1-year age groups and sex|Deaths by age and sex - complete|25|World Population Prospects|0|4|Median|Median|Median|72|2021|2021.5|0|Not applicable|1|Model-based Estimates|2|Interpolation|2|Female|143|49|49|49|49|50614
356|India|IND|IN|4|69|Deaths by 1-year age groups and sex|Deaths by age and sex - complete|25|World Population Prospects|0|4|Median|Median|Median|72|2021|2021.5|0|Not applicable|1|Model-based Estimates|2|Interpolation|3|Both sexes|143|49|49|49|49|125850
356|India|IND|IN|4|69|Deaths by 1-year age groups and sex|Deaths by age and sex - complete|25|World Population Prospects|0|4|Median|Median|Median|72|2021|2021.5|0|Not applicable|1|Model-based Estimates|2|Interpolation|1|Male|98|50|50|50|50|79196
356|India|IND|IN|4|69|Deaths by 1-year age groups and sex|Deaths by age and sex - complete|25|World Population Prospects|0|4|Median|Median|Median|72|2021|2021.5|0|Not applicable|1|Model-based Estimates|2|Interpolation|2|Female|98|50|50|50|50|56892
356|India|IND|IN|4|69|Deaths by 1-year age groups and sex|Deaths by age and sex - complete|25|World Population Prospects|0|4|Median|Median|Median|72|2021|2021.5|0|Not applicable|1|Model-based Estimates|2|Interpolation|3|Both sexes|98|50|50|50|50|136088
356|India|IND|IN|4|69|Deaths by 1-year age groups and sex|Deaths by age and sex - complete|25|World Population Prospects|0|4|Median|Median|Median|72|2021|2021.5|0|Not applicable|1|Model-based Estimates|2|Interpolation|1|Male|144|51|51|51|51|84407
356|India|IND|IN|4|69|Deaths by 1-year age groups and sex|Deaths by age and sex - complete|25|World Population Prospects|0|4|Median|Median|Median|72|2021|2021.5|0|Not applicable|1|Model-based Estimates|2|Interpolation|2|Female|144|51|51|51|51|63089
356|India|IND|IN|4|69|Deaths by 1-year age groups and sex|Deaths by age and sex - complete|25|World Population Prospects|0|4|Median|Median|Median|72|2021|2021.5|0|Not applicable|1|Model-based Estimates|2|Interpolation|3|Both sexes|144|51|51|51|51|147496
356|India|IND|IN|4|69|Deaths by 1-year age groups and sex|Deaths by age and sex - complete|25|World Population Prospects|0|4|Median|Median|Median|72|2021|2021.5|0|Not applicable|1|Model-based Estimates|2|Interpolation|1|Male|145|52|52|52|52|91124
356|India|IND|IN|4|69|Deaths by 1-year age groups and sex|Deaths by age and sex - complete|25|World Population Prospects|0|4|Median|Median|Median|72|2021|2021.5|0|Not applicable|1|Model-based Estimates|2|Interpolation|2|Female|145|52|52|52|52|69002
356|India|IND|IN|4|69|Deaths by 1-year age groups and sex|Deaths by age and sex - complete|25|World Population Prospects|0|4|Median|Median|Median|72|2021|2021.5|0|Not applicable|1|Model-based Estimates|2|Interpolation|3|Both sexes|145|52|52|52|52|160126
356|India|IND|IN|4|69|Deaths by 1-year age groups and sex|Deaths by age and sex - complete|25|World Population Prospects|0|4|Median|Median|Median|72|2021|2021.5|0|Not applicable|1|Model-based Estimates|2|Interpolation|1|Male|146|53|53|53|53|98837
356|India|IND|IN|4|69|Deaths by 1-year age groups and sex|Deaths by age and sex - complete|25|World Population Prospects|0|4|Median|Median|Median|72|2021|2021.5|0|Not applicable|1|Model-based Estimates|2|Interpolation|2|Female|146|53|53|53|53|74041
356|India|IND|IN|4|69|Deaths by 1-year age groups and sex|Deaths by age and sex - complete|25|World Population Prospects|0|4|Median|Median|Median|72|2021|2021.5|0|Not applicable|1|Model-based Estimates|2|Interpolation|3|Both sexes|146|53|53|53|53|172878
356|India|IND|IN|4|69|Deaths by 1-year age groups and sex|Deaths by age and sex - complete|25|World Population Prospects|0|4|Median|Median|Median|72|2021|2021.5|0|Not applicable|1|Model-based Estimates|2|Interpolation|1|Male|147|54|54|54|54|106924
356|India|IND|IN|4|69|Deaths by 1-year age groups and sex|Deaths by age and sex - complete|25|World Population Prospects|0|4|Median|Median|Median|72|2021|2021.5|0|Not applicable|1|Model-based Estimates|2|Interpolation|2|Female|147|54|54|54|54|78048
356|India|IND|IN|4|69|Deaths by 1-year age groups and sex|Deaths by age and sex - complete|25|World Population Prospects|0|4|Median|Median|Median|72|2021|2021.5|0|Not applicable|1|Model-based Estimates|2|Interpolation|3|Both sexes|147|54|54|54|54|184972
356|India|IND|IN|4|69|Deaths by 1-year age groups and sex|Deaths by age and sex - complete|25|World Population Prospects|0|4|Median|Median|Median|72|2021|2021.5|0|Not applicable|1|Model-based Estimates|2|Interpolation|1|Male|99|55|55|55|55|115129
356|India|IND|IN|4|69|Deaths by 1-year age groups and sex|Deaths by age and sex - complete|25|World Population Prospects|0|4|Median|Median|Median|72|2021|2021.5|0|Not applicable|1|Model-based Estimates|2|Interpolation|2|Female|99|55|55|55|55|81461
356|India|IND|IN|4|69|Deaths by 1-year age groups and sex|Deaths by age and sex - complete|25|World Population Prospects|0|4|Median|Median|Median|72|2021|2021.5|0|Not applicable|1|Model-based Estimates|2|Interpolation|3|Both sexes|99|55|55|55|55|196590
356|India|IND|IN|4|69|Deaths by 1-year age groups and sex|Deaths by age and sex - complete|25|World Population Prospects|0|4|Median|Median|Median|72|2021|2021.5|0|Not applicable|1|Model-based Estimates|2|Interpolation|1|Male|148|56|56|56|56|123116
356|India|IND|IN|4|69|Deaths by 1-year age groups and sex|Deaths by age and sex - complete|25|World Population Prospects|0|4|Median|Median|Median|72|2021|2021.5|0|Not applicable|1|Model-based Estimates|2|Interpolation|2|Female|148|56|56|56|56|84686
356|India|IND|IN|4|69|Deaths by 1-year age groups and sex|Deaths by age and sex - complete|25|World Population Prospects|0|4|Median|Median|Median|72|2021|2021.5|0|Not applicable|1|Model-based Estimates|2|Interpolation|3|Both sexes|148|56|56|56|56|207802
356|India|IND|IN|4|69|Deaths by 1-year age groups and sex|Deaths by age and sex - complete|25|World Population Prospects|0|4|Median|Median|Median|72|2021|2021.5|0|Not applicable|1|Model-based Estimates|2|Interpolation|1|Male|149|57|57|57|57|130118
356|India|IND|IN|4|69|Deaths by 1-year age groups and sex|Deaths by age and sex - complete|25|World Population Prospects|0|4|Median|Median|Median|72|2021|2021.5|0|Not applicable|1|Model-based Estimates|2|Interpolation|2|Female|149|57|57|57|57|87769
356|India|IND|IN|4|69|Deaths by 1-year age groups and sex|Deaths by age and sex - complete|25|World Population Prospects|0|4|Median|Median|Median|72|2021|2021.5|0|Not applicable|1|Model-based Estimates|2|Interpolation|3|Both sexes|149|57|57|57|57|217887
356|India|IND|IN|4|69|Deaths by 1-year age groups and sex|Deaths by age and sex - complete|25|World Population Prospects|0|4|Median|Median|Median|72|2021|2021.5|0|Not applicable|1|Model-based Estimates|2|Interpolation|1|Male|150|58|58|58|58|135656
356|India|IND|IN|4|69|Deaths by 1-year age groups and sex|Deaths by age and sex - complete|25|World Population Prospects|0|4|Median|Median|Median|72|2021|2021.5|0|Not applicable|1|Model-based Estimates|2|Interpolation|2|Female|150|58|58|58|58|91242
356|India|IND|IN|4|69|Deaths by 1-year age groups and sex|Deaths by age and sex - complete|25|World Population Prospects|0|4|Median|Median|Median|72|2021|2021.5|0|Not applicable|1|Model-based Estimates|2|Interpolation|3|Both sexes|150|58|58|58|58|226898
356|India|IND|IN|4|69|Deaths by 1-year age groups and sex|Deaths by age and sex - complete|25|World Population Prospects|0|4|Median|Median|Median|72|2021|2021.5|0|Not applicable|1|Model-based Estimates|2|Interpolation|1|Male|151|59|59|59|59|140091
356|India|IND|IN|4|69|Deaths by 1-year age groups and sex|Deaths by age and sex - complete|25|World Population Prospects|0|4|Median|Median|Median|72|2021|2021.5|0|Not applicable|1|Model-based Estimates|2|Interpolation|2|Female|151|59|59|59|59|95584
356|India|IND|IN|4|69|Deaths by 1-year age groups and sex|Deaths by age and sex - complete|25|World Population Prospects|0|4|Median|Median|Median|72|2021|2021.5|0|Not applicable|1|Model-based Estimates|2|Interpolation|3|Both sexes|151|59|59|59|59|235676
356|India|IND|IN|4|69|Deaths by 1-year age groups and sex|Deaths by age and sex - complete|25|World Population Prospects|0|4|Median|Median|Median|72|2021|2021.5|0|Not applicable|1|Model-based Estimates|2|Interpolation|1|Male|87|60|60|60|60|143710
356|India|IND|IN|4|69|Deaths by 1-year age groups and sex|Deaths by age and sex - complete|25|World Population Prospects|0|4|Median|Median|Median|72|2021|2021.5|0|Not applicable|1|Model-based Estimates|2|Interpolation|2|Female|87|60|60|60|60|100691
356|India|IND|IN|4|69|Deaths by 1-year age groups and sex|Deaths by age and sex - complete|25|World Population Prospects|0|4|Median|Median|Median|72|2021|2021.5|0|Not applicable|1|Model-based Estimates|2|Interpolation|3|Both sexes|87|60|60|60|60|244401
356|India|IND|IN|4|69|Deaths by 1-year age groups and sex|Deaths by age and sex - complete|25|World Population Prospects|0|4|Median|Median|Median|72|2021|2021.5|0|Not applicable|1|Model-based Estimates|2|Interpolation|1|Male|153|61|61|61|61|146738
356|India|IND|IN|4|69|Deaths by 1-year age groups and sex|Deaths by age and sex - complete|25|World Population Prospects|0|4|Median|Median|Median|72|2021|2021.5|0|Not applicable|1|Model-based Estimates|2|Interpolation|2|Female|153|61|61|61|61|106450
356|India|IND|IN|4|69|Deaths by 1-year age groups and sex|Deaths by age and sex - complete|25|World Population Prospects|0|4|Median|Median|Median|72|2021|2021.5|0|Not applicable|1|Model-based Estimates|2|Interpolation|3|Both sexes|153|61|61|61|61|253188
356|India|IND|IN|4|69|Deaths by 1-year age groups and sex|Deaths by age and sex - complete|25|World Population Prospects|0|4|Median|Median|Median|72|2021|2021.5|0|Not applicable|1|Model-based Estimates|2|Interpolation|1|Male|154|62|62|62|62|149969
356|India|IND|IN|4|69|Deaths by 1-year age groups and sex|Deaths by age and sex - complete|25|World Population Prospects|0|4|Median|Median|Median|72|2021|2021.5|0|Not applicable|1|Model-based Estimates|2|Interpolation|2|Female|154|62|62|62|62|112783
356|India|IND|IN|4|69|Deaths by 1-year age groups and sex|Deaths by age and sex - complete|25|World Population Prospects|0|4|Median|Median|Median|72|2021|2021.5|0|Not applicable|1|Model-based Estimates|2|Interpolation|3|Both sexes|154|62|62|62|62|262752
356|India|IND|IN|4|69|Deaths by 1-year age groups and sex|Deaths by age and sex - complete|25|World Population Prospects|0|4|Median|Median|Median|72|2021|2021.5|0|Not applicable|1|Model-based Estimates|2|Interpolation|1|Male|155|63|63|63|63|154005
356|India|IND|IN|4|69|Deaths by 1-year age groups and sex|Deaths by age and sex - complete|25|World Population Prospects|0|4|Median|Median|Median|72|2021|2021.5|0|Not applicable|1|Model-based Estimates|2|Interpolation|2|Female|155|63|63|63|63|119418
356|India|IND|IN|4|69|Deaths by 1-year age groups and sex|Deaths by age and sex - complete|25|World Population Prospects|0|4|Median|Median|Median|72|2021|2021.5|0|Not applicable|1|Model-based Estimates|2|Interpolation|3|Both sexes|155|63|63|63|63|273423
356|India|IND|IN|4|69|Deaths by 1-year age groups and sex|Deaths by age and sex - complete|25|World Population Prospects|0|4|Median|Median|Median|72|2021|2021.5|0|Not applicable|1|Model-based Estimates|2|Interpolation|1|Male|156|64|64|64|64|158414
356|India|IND|IN|4|69|Deaths by 1-year age groups and sex|Deaths by age and sex - complete|25|World Population Prospects|0|4|Median|Median|Median|72|2021|2021.5|0|Not applicable|1|Model-based Estimates|2|Interpolation|2|Female|156|64|64|64|64|125763
356|India|IND|IN|4|69|Deaths by 1-year age groups and sex|Deaths by age and sex - complete|25|World Population Prospects|0|4|Median|Median|Median|72|2021|2021.5|0|Not applicable|1|Model-based Estimates|2|Interpolation|3|Both sexes|156|64|64|64|64|284176
356|India|IND|IN|4|69|Deaths by 1-year age groups and sex|Deaths by age and sex - complete|25|World Population Prospects|0|4|Median|Median|Median|72|2021|2021.5|0|Not applicable|1|Model-based Estimates|2|Interpolation|1|Male|100|65|65|65|65|163229
356|India|IND|IN|4|69|Deaths by 1-year age groups and sex|Deaths by age and sex - complete|25|World Population Prospects|0|4|Median|Median|Median|72|2021|2021.5|0|Not applicable|1|Model-based Estimates|2|Interpolation|2|Female|100|65|65|65|65|131617
356|India|IND|IN|4|69|Deaths by 1-year age groups and sex|Deaths by age and sex - complete|25|World Population Prospects|0|4|Median|Median|Median|72|2021|2021.5|0|Not applicable|1|Model-based Estimates|2|Interpolation|3|Both sexes|100|65|65|65|65|294846
356|India|IND|IN|4|69|Deaths by 1-year age groups and sex|Deaths by age and sex - complete|25|World Population Prospects|0|4|Median|Median|Median|72|2021|2021.5|0|Not applicable|1|Model-based Estimates|2|Interpolation|1|Male|157|66|66|66|66|168639
356|India|IND|IN|4|69|Deaths by 1-year age groups and sex|Deaths by age and sex - complete|25|World Population Prospects|0|4|Median|Median|Median|72|2021|2021.5|0|Not applicable|1|Model-based Estimates|2|Interpolation|2|Female|157|66|66|66|66|136775
356|India|IND|IN|4|69|Deaths by 1-year age groups and sex|Deaths by age and sex - complete|25|World Population Prospects|0|4|Median|Median|Median|72|2021|2021.5|0|Not applicable|1|Model-based Estimates|2|Interpolation|3|Both sexes|157|66|66|66|66|305414
356|India|IND|IN|4|69|Deaths by 1-year age groups and sex|Deaths by age and sex - complete|25|World Population Prospects|0|4|Median|Median|Median|72|2021|2021.5|0|Not applicable|1|Model-based Estimates|2|Interpolation|1|Male|158|67|67|67|67|173810
356|India|IND|IN|4|69|Deaths by 1-year age groups and sex|Deaths by age and sex - complete|25|World Population Prospects|0|4|Median|Median|Median|72|2021|2021.5|0|Not applicable|1|Model-based Estimates|2|Interpolation|2|Female|158|67|67|67|67|140841
356|India|IND|IN|4|69|Deaths by 1-year age groups and sex|Deaths by age and sex - complete|25|World Population Prospects|0|4|Median|Median|Median|72|2021|2021.5|0|Not applicable|1|Model-based Estimates|2|Interpolation|3|Both sexes|158|67|67|67|67|314651
356|India|IND|IN|4|69|Deaths by 1-year age groups and sex|Deaths by age and sex - complete|25|World Population Prospects|0|4|Median|Median|Median|72|2021|2021.5|0|Not applicable|1|Model-based Estimates|2|Interpolation|1|Male|159|68|68|68|68|178069
356|India|IND|IN|4|69|Deaths by 1-year age groups and sex|Deaths by age and sex - complete|25|World Population Prospects|0|4|Median|Median|Median|72|2021|2021.5|0|Not applicable|1|Model-based Estimates|2|Interpolation|2|Female|159|68|68|68|68|144082
356|India|IND|IN|4|69|Deaths by 1-year age groups and sex|Deaths by age and sex - complete|25|World Population Prospects|0|4|Median|Median|Median|72|2021|2021.5|0|Not applicable|1|Model-based Estimates|2|Interpolation|3|Both sexes|159|68|68|68|68|322152
356|India|IND|IN|4|69|Deaths by 1-year age groups and sex|Deaths by age and sex - complete|25|World Population Prospects|0|4|Median|Median|Median|72|2021|2021.5|0|Not applicable|1|Model-based Estimates|2|Interpolation|1|Male|160|69|69|69|69|181317
356|India|IND|IN|4|69|Deaths by 1-year age groups and sex|Deaths by age and sex - complete|25|World Population Prospects|0|4|Median|Median|Median|72|2021|2021.5|0|Not applicable|1|Model-based Estimates|2|Interpolation|2|Female|160|69|69|69|69|146811
356|India|IND|IN|4|69|Deaths by 1-year age groups and sex|Deaths by age and sex - complete|25|World Population Prospects|0|4|Median|Median|Median|72|2021|2021.5|0|Not applicable|1|Model-based Estimates|2|Interpolation|3|Both sexes|160|69|69|69|69|328127
356|India|IND|IN|4|69|Deaths by 1-year age groups and sex|Deaths by age and sex - complete|25|World Population Prospects|0|4|Median|Median|Median|72|2021|2021.5|0|Not applicable|1|Model-based Estimates|2|Interpolation|1|Male|101|70|70|70|70|183281
356|India|IND|IN|4|69|Deaths by 1-year age groups and sex|Deaths by age and sex - complete|25|World Population Prospects|0|4|Median|Median|Median|72|2021|2021.5|0|Not applicable|1|Model-based Estimates|2|Interpolation|2|Female|101|70|70|70|70|149100
356|India|IND|IN|4|69|Deaths by 1-year age groups and sex|Deaths by age and sex - complete|25|World Population Prospects|0|4|Median|Median|Median|72|2021|2021.5|0|Not applicable|1|Model-based Estimates|2|Interpolation|3|Both sexes|101|70|70|70|70|332381
356|India|IND|IN|4|69|Deaths by 1-year age groups and sex|Deaths by age and sex - complete|25|World Population Prospects|0|4|Median|Median|Median|72|2021|2021.5|0|Not applicable|1|Model-based Estimates|2|Interpolation|1|Male|162|71|71|71|71|183606
356|India|IND|IN|4|69|Deaths by 1-year age groups and sex|Deaths by age and sex - complete|25|World Population Prospects|0|4|Median|Median|Median|72|2021|2021.5|0|Not applicable|1|Model-based Estimates|2|Interpolation|2|Female|162|71|71|71|71|151036
356|India|IND|IN|4|69|Deaths by 1-year age groups and sex|Deaths by age and sex - complete|25|World Population Prospects|0|4|Median|Median|Median|72|2021|2021.5|0|Not applicable|1|Model-based Estimates|2|Interpolation|3|Both sexes|162|71|71|71|71|334642
356|India|IND|IN|4|69|Deaths by 1-year age groups and sex|Deaths by age and sex - complete|25|World Population Prospects|0|4|Median|Median|Median|72|2021|2021.5|0|Not applicable|1|Model-based Estimates|2|Interpolation|1|Male|163|72|72|72|72|173135
356|India|IND|IN|4|69|Deaths by 1-year age groups and sex|Deaths by age and sex - complete|25|World Population Prospects|0|4|Median|Median|Median|72|2021|2021.5|0|Not applicable|1|Model-based Estimates|2|Interpolation|2|Female|163|72|72|72|72|146632
356|India|IND|IN|4|69|Deaths by 1-year age groups and sex|Deaths by age and sex - complete|25|World Population Prospects|0|4|Median|Median|Median|72|2021|2021.5|0|Not applicable|1|Model-based Estimates|2|Interpolation|3|Both sexes|163|72|72|72|72|319767
356|India|IND|IN|4|69|Deaths by 1-year age groups and sex|Deaths by age and sex - complete|25|World Population Prospects|0|4|Median|Median|Median|72|2021|2021.5|0|Not applicable|1|Model-based Estimates|2|Interpolation|1|Male|164|73|73|73|73|160290
356|India|IND|IN|4|69|Deaths by 1-year age groups and sex|Deaths by age and sex - complete|25|World Population Prospects|0|4|Median|Median|Median|72|2021|2021.5|0|Not applicable|1|Model-based Estimates|2|Interpolation|2|Female|164|73|73|73|73|141511
356|India|IND|IN|4|69|Deaths by 1-year age groups and sex|Deaths by age and sex - complete|25|World Population Prospects|0|4|Median|Median|Median|72|2021|2021.5|0|Not applicable|1|Model-based Estimates|2|Interpolation|3|Both sexes|164|73|73|73|73|301800
356|India|IND|IN|4|69|Deaths by 1-year age groups and sex|Deaths by age and sex - complete|25|World Population Prospects|0|4|Median|Median|Median|72|2021|2021.5|0|Not applicable|1|Model-based Estimates|2|Interpolation|1|Male|165|74|74|74|74|155953
356|India|IND|IN|4|69|Deaths by 1-year age groups and sex|Deaths by age and sex - complete|25|World Population Prospects|0|4|Median|Median|Median|72|2021|2021.5|0|Not applicable|1|Model-based Estimates|2|Interpolation|2|Female|165|74|74|74|74|141490
356|India|IND|IN|4|69|Deaths by 1-year age groups and sex|Deaths by age and sex - complete|25|World Population Prospects|0|4|Median|Median|Median|72|2021|2021.5|0|Not applicable|1|Model-based Estimates|2|Interpolation|3|Both sexes|165|74|74|74|74|297444
356|India|IND|IN|4|69|Deaths by 1-year age groups and sex|Deaths by age and sex - complete|25|World Population Prospects|0|4|Median|Median|Median|72|2021|2021.5|0|Not applicable|1|Model-based Estimates|2|Interpolation|1|Male|102|75|75|75|75|152021
356|India|IND|IN|4|69|Deaths by 1-year age groups and sex|Deaths by age and sex - complete|25|World Population Prospects|0|4|Median|Median|Median|72|2021|2021.5|0|Not applicable|1|Model-based Estimates|2|Interpolation|2|Female|102|75|75|75|75|140342
356|India|IND|IN|4|69|Deaths by 1-year age groups and sex|Deaths by age and sex - complete|25|World Population Prospects|0|4|Median|Median|Median|72|2021|2021.5|0|Not applicable|1|Model-based Estimates|2|Interpolation|3|Both sexes|102|75|75|75|75|292362
356|India|IND|IN|4|69|Deaths by 1-year age groups and sex|Deaths by age and sex - complete|25|World Population Prospects|0|4|Median|Median|Median|72|2021|2021.5|0|Not applicable|1|Model-based Estimates|2|Interpolation|1|Male|166|76|76|76|76|147583
356|India|IND|IN|4|69|Deaths by 1-year age groups and sex|Deaths by age and sex - complete|25|World Population Prospects|0|4|Median|Median|Median|72|2021|2021.5|0|Not applicable|1|Model-based Estimates|2|Interpolation|2|Female|166|76|76|76|76|138593
356|India|IND|IN|4|69|Deaths by 1-year age groups and sex|Deaths by age and sex - complete|25|World Population Prospects|0|4|Median|Median|Median|72|2021|2021.5|0|Not applicable|1|Model-based Estimates|2|Interpolation|3|Both sexes|166|76|76|76|76|286175
356|India|IND|IN|4|69|Deaths by 1-year age groups and sex|Deaths by age and sex - complete|25|World Population Prospects|0|4|Median|Median|Median|72|2021|2021.5|0|Not applicable|1|Model-based Estimates|2|Interpolation|1|Male|167|77|77|77|77|143183
356|India|IND|IN|4|69|Deaths by 1-year age groups and sex|Deaths by age and sex - complete|25|World Population Prospects|0|4|Median|Median|Median|72|2021|2021.5|0|Not applicable|1|Model-based Estimates|2|Interpolation|2|Female|167|77|77|77|77|136756
356|India|IND|IN|4|69|Deaths by 1-year age groups and sex|Deaths by age and sex - complete|25|World Population Prospects|0|4|Median|Median|Median|72|2021|2021.5|0|Not applicable|1|Model-based Estimates|2|Interpolation|3|Both sexes|167|77|77|77|77|279938
356|India|IND|IN|4|69|Deaths by 1-year age groups and sex|Deaths by age and sex - complete|25|World Population Prospects|0|4|Median|Median|Median|72|2021|2021.5|0|Not applicable|1|Model-based Estimates|2|Interpolation|1|Male|168|78|78|78|78|139092
356|India|IND|IN|4|69|Deaths by 1-year age groups and sex|Deaths by age and sex - complete|25|World Population Prospects|0|4|Median|Median|Median|72|2021|2021.5|0|Not applicable|1|Model-based Estimates|2|Interpolation|2|Female|168|78|78|78|78|135458
356|India|IND|IN|4|69|Deaths by 1-year age groups and sex|Deaths by age and sex - complete|25|World Population Prospects|0|4|Median|Median|Median|72|2021|2021.5|0|Not applicable|1|Model-based Estimates|2|Interpolation|3|Both sexes|168|78|78|78|78|274550
356|India|IND|IN|4|69|Deaths by 1-year age groups and sex|Deaths by age and sex - complete|25|World Population Prospects|0|4|Median|Median|Median|72|2021|2021.5|0|Not applicable|1|Model-based Estimates|2|Interpolation|1|Male|169|79|79|79|79|135210
356|India|IND|IN|4|69|Deaths by 1-year age groups and sex|Deaths by age and sex - complete|25|World Population Prospects|0|4|Median|Median|Median|72|2021|2021.5|0|Not applicable|1|Model-based Estimates|2|Interpolation|2|Female|169|79|79|79|79|134705
356|India|IND|IN|4|69|Deaths by 1-year age groups and sex|Deaths by age and sex - complete|25|World Population Prospects|0|4|Median|Median|Median|72|2021|2021.5|0|Not applicable|1|Model-based Estimates|2|Interpolation|3|Both sexes|169|79|79|79|79|269915
356|India|IND|IN|4|69|Deaths by 1-year age groups and sex|Deaths by age and sex - complete|25|World Population Prospects|0|4|Median|Median|Median|72|2021|2021.5|0|Not applicable|1|Model-based Estimates|2|Interpolation|1|Male|88|80|80|80|80|131083
356|India|IND|IN|4|69|Deaths by 1-year age groups and sex|Deaths by age and sex - complete|25|World Population Prospects|0|4|Median|Median|Median|72|2021|2021.5|0|Not applicable|1|Model-based Estimates|2|Interpolation|2|Female|88|80|80|80|80|133986
356|India|IND|IN|4|69|Deaths by 1-year age groups and sex|Deaths by age and sex - complete|25|World Population Prospects|0|4|Median|Median|Median|72|2021|2021.5|0|Not applicable|1|Model-based Estimates|2|Interpolation|3|Both sexes|88|80|80|80|80|265069
356|India|IND|IN|4|69|Deaths by 1-year age groups and sex|Deaths by age and sex - complete|25|World Population Prospects|0|4|Median|Median|Median|72|2021|2021.5|0|Not applicable|1|Model-based Estimates|2|Interpolation|1|Male|171|81|81|81|81|126424
356|India|IND|IN|4|69|Deaths by 1-year age groups and sex|Deaths by age and sex - complete|25|World Population Prospects|0|4|Median|Median|Median|72|2021|2021.5|0|Not applicable|1|Model-based Estimates|2|Interpolation|2|Female|171|81|81|81|81|133013
356|India|IND|IN|4|69|Deaths by 1-year age groups and sex|Deaths by age and sex - complete|25|World Population Prospects|0|4|Median|Median|Median|72|2021|2021.5|0|Not applicable|1|Model-based Estimates|2|Interpolation|3|Both sexes|171|81|81|81|81|259438
356|India|IND|IN|4|69|Deaths by 1-year age groups and sex|Deaths by age and sex - complete|25|World Population Prospects|0|4|Median|Median|Median|72|2021|2021.5|0|Not applicable|1|Model-based Estimates|2|Interpolation|1|Male|172|82|82|82|82|121046
356|India|IND|IN|4|69|Deaths by 1-year age groups and sex|Deaths by age and sex - complete|25|World Population Prospects|0|4|Median|Median|Median|72|2021|2021.5|0|Not applicable|1|Model-based Estimates|2|Interpolation|2|Female|172|82|82|82|82|131593
356|India|IND|IN|4|69|Deaths by 1-year age groups and sex|Deaths by age and sex - complete|25|World Population Prospects|0|4|Median|Median|Median|72|2021|2021.5|0|Not applicable|1|Model-based Estimates|2|Interpolation|3|Both sexes|172|82|82|82|82|252638
356|India|IND|IN|4|69|Deaths by 1-year age groups and sex|Deaths by age and sex - complete|25|World Population Prospects|0|4|Median|Median|Median|72|2021|2021.5|0|Not applicable|1|Model-based Estimates|2|Interpolation|1|Male|173|83|83|83|83|115682
356|India|IND|IN|4|69|Deaths by 1-year age groups and sex|Deaths by age and sex - complete|25|World Population Prospects|0|4|Median|Median|Median|72|2021|2021.5|0|Not applicable|1|Model-based Estimates|2|Interpolation|2|Female|173|83|83|83|83|129512
356|India|IND|IN|4|69|Deaths by 1-year age groups and sex|Deaths by age and sex - complete|25|World Population Prospects|0|4|Median|Median|Median|72|2021|2021.5|0|Not applicable|1|Model-based Estimates|2|Interpolation|3|Both sexes|173|83|83|83|83|245194
356|India|IND|IN|4|69|Deaths by 1-year age groups and sex|Deaths by age and sex - complete|25|World Population Prospects|0|4|Median|Median|Median|72|2021|2021.5|0|Not applicable|1|Model-based Estimates|2|Interpolation|1|Male|174|84|84|84|84|109407
356|India|IND|IN|4|69|Deaths by 1-year age groups and sex|Deaths by age and sex - complete|25|World Population Prospects|0|4|Median|Median|Median|72|2021|2021.5|0|Not applicable|1|Model-based Estimates|2|Interpolation|2|Female|174|84|84|84|84|125284
356|India|IND|IN|4|69|Deaths by 1-year age groups and sex|Deaths by age and sex - complete|25|World Population Prospects|0|4|Median|Median|Median|72|2021|2021.5|0|Not applicable|1|Model-based Estimates|2|Interpolation|3|Both sexes|174|84|84|84|84|234690
356|India|IND|IN|4|69|Deaths by 1-year age groups and sex|Deaths by age and sex - complete|25|World Population Prospects|0|4|Median|Median|Median|72|2021|2021.5|0|Not applicable|1|Model-based Estimates|2|Interpolation|1|Male|103|85|85|85|85|101100
356|India|IND|IN|4|69|Deaths by 1-year age groups and sex|Deaths by age and sex - complete|25|World Population Prospects|0|4|Median|Median|Median|72|2021|2021.5|0|Not applicable|1|Model-based Estimates|2|Interpolation|2|Female|103|85|85|85|85|117988
356|India|IND|IN|4|69|Deaths by 1-year age groups and sex|Deaths by age and sex - complete|25|World Population Prospects|0|4|Median|Median|Median|72|2021|2021.5|0|Not applicable|1|Model-based Estimates|2|Interpolation|3|Both sexes|103|85|85|85|85|219087
356|India|IND|IN|4|69|Deaths by 1-year age groups and sex|Deaths by age and sex - complete|25|World Population Prospects|0|4|Median|Median|Median|72|2021|2021.5|0|Not applicable|1|Model-based Estimates|2|Interpolation|1|Male|175|86|86|86|86|91286
356|India|IND|IN|4|69|Deaths by 1-year age groups and sex|Deaths by age and sex - complete|25|World Population Prospects|0|4|Median|Median|Median|72|2021|2021.5|0|Not applicable|1|Model-based Estimates|2|Interpolation|2|Female|175|86|86|86|86|108351
356|India|IND|IN|4|69|Deaths by 1-year age groups and sex|Deaths by age and sex - complete|25|World Population Prospects|0|4|Median|Median|Median|72|2021|2021.5|0|Not applicable|1|Model-based Estimates|2|Interpolation|3|Both sexes|175|86|86|86|86|199637
356|India|IND|IN|4|69|Deaths by 1-year age groups and sex|Deaths by age and sex - complete|25|World Population Prospects|0|4|Median|Median|Median|72|2021|2021.5|0|Not applicable|1|Model-based Estimates|2|Interpolation|1|Male|176|87|87|87|87|80027
356|India|IND|IN|4|69|Deaths by 1-year age groups and sex|Deaths by age and sex - complete|25|World Population Prospects|0|4|Median|Median|Median|72|2021|2021.5|0|Not applicable|1|Model-based Estimates|2|Interpolation|2|Female|176|87|87|87|87|96486
356|India|IND|IN|4|69|Deaths by 1-year age groups and sex|Deaths by age and sex - complete|25|World Population Prospects|0|4|Median|Median|Median|72|2021|2021.5|0|Not applicable|1|Model-based Estimates|2|Interpolation|3|Both sexes|176|87|87|87|87|176513
356|India|IND|IN|4|69|Deaths by 1-year age groups and sex|Deaths by age and sex - complete|25|World Population Prospects|0|4|Median|Median|Median|72|2021|2021.5|0|Not applicable|1|Model-based Estimates|2|Interpolation|1|Male|177|88|88|88|88|68610
356|India|IND|IN|4|69|Deaths by 1-year age groups and sex|Deaths by age and sex - complete|25|World Population Prospects|0|4|Median|Median|Median|72|2021|2021.5|0|Not applicable|1|Model-based Estimates|2|Interpolation|2|Female|177|88|88|88|88|83666
356|India|IND|IN|4|69|Deaths by 1-year age groups and sex|Deaths by age and sex - complete|25|World Population Prospects|0|4|Median|Median|Median|72|2021|2021.5|0|Not applicable|1|Model-based Estimates|2|Interpolation|3|Both sexes|177|88|88|88|88|152276
356|India|IND|IN|4|69|Deaths by 1-year age groups and sex|Deaths by age and sex - complete|25|World Population Prospects|0|4|Median|Median|Median|72|2021|2021.5|0|Not applicable|1|Model-based Estimates|2|Interpolation|1|Male|178|89|89|89|89|58313
356|India|IND|IN|4|69|Deaths by 1-year age groups and sex|Deaths by age and sex - complete|25|World Population Prospects|0|4|Median|Median|Median|72|2021|2021.5|0|Not applicable|1|Model-based Estimates|2|Interpolation|2|Female|178|89|89|89|89|71608
356|India|IND|IN|4|69|Deaths by 1-year age groups and sex|Deaths by age and sex - complete|25|World Population Prospects|0|4|Median|Median|Median|72|2021|2021.5|0|Not applicable|1|Model-based Estimates|2|Interpolation|3|Both sexes|178|89|89|89|89|129922
356|India|IND|IN|4|69|Deaths by 1-year age groups and sex|Deaths by age and sex - complete|25|World Population Prospects|0|4|Median|Median|Median|72|2021|2021.5|0|Not applicable|1|Model-based Estimates|2|Interpolation|1|Male|104|90|90|90|90|48861
356|India|IND|IN|4|69|Deaths by 1-year age groups and sex|Deaths by age and sex - complete|25|World Population Prospects|0|4|Median|Median|Median|72|2021|2021.5|0|Not applicable|1|Model-based Estimates|2|Interpolation|2|Female|104|90|90|90|90|60460
356|India|IND|IN|4|69|Deaths by 1-year age groups and sex|Deaths by age and sex - complete|25|World Population Prospects|0|4|Median|Median|Median|72|2021|2021.5|0|Not applicable|1|Model-based Estimates|2|Interpolation|3|Both sexes|104|90|90|90|90|109320
356|India|IND|IN|4|69|Deaths by 1-year age groups and sex|Deaths by age and sex - complete|25|World Population Prospects|0|4|Median|Median|Median|72|2021|2021.5|0|Not applicable|1|Model-based Estimates|2|Interpolation|1|Male|180|91|91|91|91|40182
356|India|IND|IN|4|69|Deaths by 1-year age groups and sex|Deaths by age and sex - complete|25|World Population Prospects|0|4|Median|Median|Median|72|2021|2021.5|0|Not applicable|1|Model-based Estimates|2|Interpolation|2|Female|180|91|91|91|91|50323
356|India|IND|IN|4|69|Deaths by 1-year age groups and sex|Deaths by age and sex - complete|25|World Population Prospects|0|4|Median|Median|Median|72|2021|2021.5|0|Not applicable|1|Model-based Estimates|2|Interpolation|3|Both sexes|180|91|91|91|91|90504
356|India|IND|IN|4|69|Deaths by 1-year age groups and sex|Deaths by age and sex - complete|25|World Population Prospects|0|4|Median|Median|Median|72|2021|2021.5|0|Not applicable|1|Model-based Estimates|2|Interpolation|1|Male|181|92|92|92|92|32385
356|India|IND|IN|4|69|Deaths by 1-year age groups and sex|Deaths by age and sex - complete|25|World Population Prospects|0|4|Median|Median|Median|72|2021|2021.5|0|Not applicable|1|Model-based Estimates|2|Interpolation|2|Female|181|92|92|92|92|41218
356|India|IND|IN|4|69|Deaths by 1-year age groups and sex|Deaths by age and sex - complete|25|World Population Prospects|0|4|Median|Median|Median|72|2021|2021.5|0|Not applicable|1|Model-based Estimates|2|Interpolation|3|Both sexes|181|92|92|92|92|73603
356|India|IND|IN|4|69|Deaths by 1-year age groups and sex|Deaths by age and sex - complete|25|World Population Prospects|0|4|Median|Median|Median|72|2021|2021.5|0|Not applicable|1|Model-based Estimates|2|Interpolation|1|Male|182|93|93|93|93|25540
356|India|IND|IN|4|69|Deaths by 1-year age groups and sex|Deaths by age and sex - complete|25|World Population Prospects|0|4|Median|Median|Median|72|2021|2021.5|0|Not applicable|1|Model-based Estimates|2|Interpolation|2|Female|182|93|93|93|93|33156
356|India|IND|IN|4|69|Deaths by 1-year age groups and sex|Deaths by age and sex - complete|25|World Population Prospects|0|4|Median|Median|Median|72|2021|2021.5|0|Not applicable|1|Model-based Estimates|2|Interpolation|3|Both sexes|182|93|93|93|93|58696
356|India|IND|IN|4|69|Deaths by 1-year age groups and sex|Deaths by age and sex - complete|25|World Population Prospects|0|4|Median|Median|Median|72|2021|2021.5|0|Not applicable|1|Model-based Estimates|2|Interpolation|1|Male|183|94|94|94|94|19672
356|India|IND|IN|4|69|Deaths by 1-year age groups and sex|Deaths by age and sex - complete|25|World Population Prospects|0|4|Median|Median|Median|72|2021|2021.5|0|Not applicable|1|Model-based Estimates|2|Interpolation|2|Female|183|94|94|94|94|26139
356|India|IND|IN|4|69|Deaths by 1-year age groups and sex|Deaths by age and sex - complete|25|World Population Prospects|0|4|Median|Median|Median|72|2021|2021.5|0|Not applicable|1|Model-based Estimates|2|Interpolation|3|Both sexes|183|94|94|94|94|45811
356|India|IND|IN|4|69|Deaths by 1-year age groups and sex|Deaths by age and sex - complete|25|World Population Prospects|0|4|Median|Median|Median|72|2021|2021.5|0|Not applicable|1|Model-based Estimates|2|Interpolation|1|Male|105|95|95|95|95|14921
356|India|IND|IN|4|69|Deaths by 1-year age groups and sex|Deaths by age and sex - complete|25|World Population Prospects|0|4|Median|Median|Median|72|2021|2021.5|0|Not applicable|1|Model-based Estimates|2|Interpolation|2|Female|105|95|95|95|95|20047
356|India|IND|IN|4|69|Deaths by 1-year age groups and sex|Deaths by age and sex - complete|25|World Population Prospects|0|4|Median|Median|Median|72|2021|2021.5|0|Not applicable|1|Model-based Estimates|2|Interpolation|3|Both sexes|105|95|95|95|95|34968
356|India|IND|IN|4|69|Deaths by 1-year age groups and sex|Deaths by age and sex - complete|25|World Population Prospects|0|4|Median|Median|Median|72|2021|2021.5|0|Not applicable|1|Model-based Estimates|2|Interpolation|1|Male|184|96|96|96|96|10996
356|India|IND|IN|4|69|Deaths by 1-year age groups and sex|Deaths by age and sex - complete|25|World Population Prospects|0|4|Median|Median|Median|72|2021|2021.5|0|Not applicable|1|Model-based Estimates|2|Interpolation|2|Female|184|96|96|96|96|15046
356|India|IND|IN|4|69|Deaths by 1-year age groups and sex|Deaths by age and sex - complete|25|World Population Prospects|0|4|Median|Median|Median|72|2021|2021.5|0|Not applicable|1|Model-based Estimates|2|Interpolation|3|Both sexes|184|96|96|96|96|26042
356|India|IND|IN|4|69|Deaths by 1-year age groups and sex|Deaths by age and sex - complete|25|World Population Prospects|0|4|Median|Median|Median|72|2021|2021.5|0|Not applicable|1|Model-based Estimates|2|Interpolation|1|Male|185|97|97|97|97|7917
356|India|IND|IN|4|69|Deaths by 1-year age groups and sex|Deaths by age and sex - complete|25|World Population Prospects|0|4|Median|Median|Median|72|2021|2021.5|0|Not applicable|1|Model-based Estimates|2|Interpolation|2|Female|185|97|97|97|97|11001
356|India|IND|IN|4|69|Deaths by 1-year age groups and sex|Deaths by age and sex - complete|25|World Population Prospects|0|4|Median|Median|Median|72|2021|2021.5|0|Not applicable|1|Model-based Estimates|2|Interpolation|3|Both sexes|185|97|97|97|97|18917
356|India|IND|IN|4|69|Deaths by 1-year age groups and sex|Deaths by age and sex - complete|25|World Population Prospects|0|4|Median|Median|Median|72|2021|2021.5|0|Not applicable|1|Model-based Estimates|2|Interpolation|1|Male|186|98|98|98|98|5576
356|India|IND|IN|4|69|Deaths by 1-year age groups and sex|Deaths by age and sex - complete|25|World Population Prospects|0|4|Median|Median|Median|72|2021|2021.5|0|Not applicable|1|Model-based Estimates|2|Interpolation|2|Female|186|98|98|98|98|7856
356|India|IND|IN|4|69|Deaths by 1-year age groups and sex|Deaths by age and sex - complete|25|World Population Prospects|0|4|Median|Median|Median|72|2021|2021.5|0|Not applicable|1|Model-based Estimates|2|Interpolation|3|Both sexes|186|98|98|98|98|13433
356|India|IND|IN|4|69|Deaths by 1-year age groups and sex|Deaths by age and sex - complete|25|World Population Prospects|0|4|Median|Median|Median|72|2021|2021.5|0|Not applicable|1|Model-based Estimates|2|Interpolation|1|Male|187|99|99|99|99|3855
356|India|IND|IN|4|69|Deaths by 1-year age groups and sex|Deaths by age and sex - complete|25|World Population Prospects|0|4|Median|Median|Median|72|2021|2021.5|0|Not applicable|1|Model-based Estimates|2|Interpolation|2|Female|187|99|99|99|99|5489
356|India|IND|IN|4|69|Deaths by 1-year age groups and sex|Deaths by age and sex - complete|25|World Population Prospects|0|4|Median|Median|Median|72|2021|2021.5|0|Not applicable|1|Model-based Estimates|2|Interpolation|3|Both sexes|187|99|99|99|99|9344
356|India|IND|IN|4|69|Deaths by 1-year age groups and sex|Deaths by age and sex - complete|25|World Population Prospects|0|4|Median|Median|Median|72|2021|2021.5|0|Not applicable|1|Model-based Estimates|2|Interpolation|1|Male|59|100+|100||100|7315
356|India|IND|IN|4|69|Deaths by 1-year age groups and sex|Deaths by age and sex - complete|25|World Population Prospects|0|4|Median|Median|Median|72|2021|2021.5|0|Not applicable|1|Model-based Estimates|2|Interpolation|2|Female|59|100+|100||100|10503
356|India|IND|IN|4|69|Deaths by 1-year age groups and sex|Deaths by age and sex - complete|25|World Population Prospects|0|4|Median|Median|Median|72|2021|2021.5|0|Not applicable|1|Model-based Estimates|2|Interpolation|3|Both sexes|59|100+|100||100|17818
